word,frequency_ref,frequency_approx,error
marius,1251,1366,9.192645883293366
jean,1179,1257,6.6157760814249365
valjean,1050,1160,10.476190476190476
cosette,921,1132,22.909880564603693
same,504,927,83.92857142857143
m,881,926,5.107832009080591
rue,664,833,25.451807228915662
chapter,744,813,9.274193548387096
thoughtful,42,803,1811.904761904762
child,444,790,77.92792792792793
