word,freq_ref,freq_approx,error
black,281,310.0,10.320284697508896
negro,272,297.0,9.191176470588236
men,207,226.0,9.178743961352657
world,162,203.0,25.308641975308642
south,163,176.0,7.975460122699387
white,153,170.0,11.11111111111111
land,130,154.0,18.46153846153846
new,130,148.0,13.846153846153847
negroes,107,119.0,11.214953271028037
system,63,118.0,87.3015873015873
