word,freq_approx,freq_approx,error
black,281,306,8.896797153024911
negro,272,299,9.926470588235293
men,207,220,6.280193236714976
south,163,171,4.9079754601226995
world,162,182,12.345679012345679
white,153,167,9.15032679738562
new,130,150,15.384615384615385
land,130,146,12.307692307692308
negroes,107,120,12.149532710280374
people,86,96,11.627906976744185
