word,freq_ref,freq_approx,error
men,207,220,6.280193236714976
south,163,176,7.975460122699387
white,153,169,10.457516339869281
new,130,151,16.153846153846153
land,130,147,13.076923076923077
negroes,107,145,35.51401869158879
to-day,72,120,66.66666666666667
project,83,104,25.301204819277107
social,79,104,31.645569620253166
nation,54,104,92.5925925925926
