word	freq_ref	freq_approx	error
negro	272	295	8.455882352941176
black	281	293	4.270462633451957
men	207	222	7.246376811594203
south	163	197	20.858895705521473
world	162	177	9.25925925925926
white	153	168	9.803921568627452
new	130	147	13.076923076923077
land	130	145	11.538461538461538
negroes	107	120	12.149532710280374
people	86	117	36.04651162790697
